A,b,a,d,o,n
A,b,d,o,n
Á,b,e,l
A,b,e,l,a,r,d
A,b,r,a,h,a,m
A,b,r,a,h,á,m
A,b,s,o,l,o,n
A,b,s,o,l,ó,n
A,d,a,l,b,e,r,t
A,d,a,m
A,d,i,n
A,d,o,l,f
A,d,r,i,a,n
A,d,r,i,á,n
A,g,a,t,o,n
A,c,h,i,l
A,c,h,i,l,e,s
A,l,a,n
A,l,b,a,n
A,l,b,e,r,t
A,l,b,í,n
A,l,b,r,e,c,h,t
A,l,d,o
A,l,e,n
A,l,e,
A,l,e,x,a,n,d,r
A,l,e,x,e,j
A,l,f,o,n,s
A,l,f,r,é,d
A,l,o,i,s
A,l,o,j,z
A,l,v,a
A,l,v,a,r
A,l,v,i,n
A,m,a,d,e,u,s
A,m,a,n,d
A,m,á,t
A,m,b,r,o,
A,m,o,s
Á,m,o,s
A,n,a,s,t,á,z
A,n,a,t,o,l
A,n,d,ì,l
A,n,d,ì,l,í,n
A,n,d,r,e,j
A,n,s,e,l,m
A,n,t,a,l
A,n,t,o,n,í,n
A,r,a,m
A,r,i,e,l
A,r,i,s,t,i,d
A,r,k,á,d
A,r,m,a,n,d
A,r,m,i,n
A,r,n,e
A,r,n,o,l,d
A,r,n,o,,t
Á,r,o,n
Á,r,ó,n
A,r,p,á,d
A,r,s,e,n
A,r,t,u,r
A,r,t,u,
A,r,z,e,n
A,t,a,n,a,s
A,t,a,n,á,
A,t,i,l,a
A,u,g,u,s,t
A,u,g,u,s,t,i,n
A,u,g,u,s,t,ý,n
A,u,r,e,l
A,u,r,e,l,i,á,n
A,x,e,l
B,a,l,t,a,z,a,r
B,a,r,n,a,b,á,
B,a,r,t,o,l,o,m,ì,j
B,a,s,i,l
B,a,z,i,l
B,e,a,t,u,s
B,e,d,ø,i,c,h
B,e,n,e,d,i,k,t
B,e,n,j,a,m,i,n
B,e,n,j,a,m,í,n
B,e,r,n,a,r,d
B,e,r,t,o,l,d
B,e,r,t,r,a,m
B,i,v,o,j
B,l,a,h,o,m,i,l
B,l,a,h,o,m,í,r
B,l,a,h,o,s,l,a,v
B,l,a,,e,j
B,o,h,d,a,n
B,o,h,u,c,h,v,a,l
B,o,h,u,m,i,l
B,o,h,u,m,í,r
B,o,h,u,n
B,o,h,u,s,l,a,v
B,o,h,u,
B,o,j,a,n
B,o,l,e,m,í,r
B,o,l,e,s,l,a,v
B,o,n,i,f,á,c
B,o,r,e,k
B,o,r,i,s
B,o,r,i,s,l,a,v
B,o,ø,e,k
B,o,ø,i,s,l,a,v
B,o,ø,i,v,o,j
B,o,,e,t,ì,c,h
B,o,,i,d,a,r
B,o,,i,s,l,a,v
B,r,a,n,i,m,í,r
B,r,a,n,i,s,l,a,v
B,r,a,t,i,s,l,a,v
B,r,e,t
B,r,i,a,n
B,r,i,t
B,r,o,n,i,s,l,a,v
B,r,u,n,o
B,ø,e,t,i,s,l,a,v
B,u,d,i,m,í,r
B,u,d,i,s,l,a,v
B,u,d,i,v,o,j
C,e,c,i,l
C,e,d,r,i,k
C,e,l,e,s,t,i,n
C,e,l,e,s,t,ý,n
C,é,s,a,r
C,é,z,a,r
C,t,i,b,o,r
C,t,i,r,a,d
C,t,i,s,l,a,v
C,y,p,r,i,á,n
C,y,r,i,l
È,e,n,ì,k
È,e,s,t,m,í,r
È,i,s,t,o,s,l,a,v
D,a,g
D,a,l,i,b,o,r
D,a,l,i,m,i,l
D,a,l,i,m,í,r
D,a,m,i,á,n
D,a,n
D,a,n,i,e,l
D,a,r,e,k
D,a,r,i,u,s
D,a,v,i,d
D,e,n,i,s
D,ì,p,o,l,d
D,ì,t,m,a,r
D,ì,t,ø,i,c,h
D,e,z,i,d,e,r
D,i,m,i,t,r,i,j
D,i,n,o
D,i,o,n,ý,z
D,i,o,n,ý,z,o,s
D,i,v,i,
D,l,u,h,o,
D,o,b,r,o,m,i,l
D,o,b,r,o,m,í,r
D,o,b,r,o,s,l,a,v
D,o,m,i,n,i,k
D,o,n,a,l,d
D,o,n,á,t
D,o,r,i,a,n
D,o,r,i,á,n
D,r,a,h,o,m,i,l
D,r,a,h,o,m,í,r
D,r,a,h,o,ò
D,r,a,h,o,s,l,a,v
D,r,a,h,o,
D,r,a,h,o,t,í,n
D,r,a,h,u,t,i,n
D,u,,a,n
E,d,g,a,r
E,d,m,o,n,d
E,d,m,u,n,d
E,d,u,a,r,d
E,d,v,a,r,d
E,d,v,i,n
E,d,v,í,n
E,g,m,o,n,t
E,g,o,n
E,l,i,á,
E,l,i,z,e,j
E,l,i,z,e,u,s
E,l,m,a,r
E,l,v,i,s
E,m,a,n,u,e,l
E,m,a,n,u,e,l
E,m,e,r,i,c,h
E,m,i,l
E,m,i,l,i,á,n
E,n,g,e,l,b,e,r,t
E,r,a,z,i,m
E,r,a,z,m,u,s
E,r,h,a,r,d
E,r,i,c,h
E,r,i,k
E,r,n,e,s,t
E,r,n,s,t
E,r,v,í,n
E,u,g,e,n
E,u,s,e,b,i,u,s
E,v,a,l,d
E,v,a,n
E,v,a,r,i,s,t
E,v,,e,n
E,z,e,c,h,i,e,l
E,z,r,a
F,a,b,i,á,n
F,a,u,s,t
F,a,u,s,t,i,n
F,a,u,s,t,ý,n
F,e,d,o,r
F,e,l,i,c,i,á,n
F,e,l,i,x
F,e,r,d,i,n,a,n,d
F,i,d,e,l
F,i,d,e,l,i,u,s
F,i,l,e,m,o,n
F,i,l,i,b,e,r,t
F,i,l,i,p
F,i,l,o,m,e,n
F,l,a,v,i,á,n
F,l,a,v,i,u,s
F,l,o,r,e,n,t,i,n
F,l,o,r,e,n,t,ý,n
F,l,o,r,i,á,n
F,o,r,t,u,n,á,t
F,r,á,ò,a
F,r,a,n,c
F,r,a,n,t,i,,e,k
F,r,i,d,o,l,í,n
G,a,b,i,n
G,a,b,r,i,e,l
G,á,l
G,a,r,i,k
G,a,s,t,o,n
G,e,d,e,o,n
G,e,j,z,a
G,e,n,a,d,i,j
G,e,r,a,l,d
G,e,r,a,r,d
G,e,r,a,z,i,m
G,e,r,h,a,r,d
G,é,z,a
G,i,l,b,e,r,t
G,l,e,b
G,l,e,n
G,o,r,a,z,d
G,o,r,d,o,n
G,o,t,h,a,r,d
G,r,a,c,i,á,n
G,r,a,n,t
G,u,n,t,e,r
G,û,n,t,e,r
G,u,s,t,a,v
H,a,n,u,
H,a,r,a,l,d
H,a,r,o,l,d
H,a,,t,a,l
H,a,v,e,l
H,e,l,m,u,t
H,e,r,b,e,r,t
H,e,r,m,a,n
H,e,ø,m,a,n
H,i,l,a,r
H,i,l,a,r,i,u,s
H,j,a,l,m,a,r
H,o,m,é,r
H,o,n,o,r
H,o,n,o,r,i,u,s
H,o,r,á,c
H,o,r,s,t
H,o,r,y,m,í,r
H,o,s,t,i,m,i,l
H,o,s,t,i,m,í,r
H,o,s,t,i,s,l,a,v
H,o,s,t,i,v,í,t
H,o,v,a,r,d
H,u,b,e,r,t
H,u,g,o
H,v,ì,z,d,o,s,l,a,v
H,y,a,c,i,n,t
H,y,n,e,k
H,y,p,o,l,i,t
C,h,r,a,b,r,o,
C,h,r,a,n,i,b,o,j
C,h,r,a,n,i,b,o,r
C,h,r,a,n,i,s,l,a,v
C,h,r,u,d,o,
C,h,v,a,l
I,g,n,á,c
I,g,n,á,t
I,g,o,r
I,l,j,a
I,n,o,c,e,n,c
I,r,e,n,e,j
I,r,e,n,e,u,s
I,r,v,i,n
I,s,i,d,o,r
I,v,a,n
I,v,a,r
I,v,o
I,v,o,r
I,z,a,i,á,
I,z,á,k
I,z,i,d,o,r
I,z,m,a,e,l
J,a,c,e,k
J,á,c,h,y,m
J,a,k,u,b
J,a,n
J,a,r,m,i,l
J,a,r,o,l,í,m
J,a,r,o,m,i,l
J,a,r,o,m,í,r
J,a,r,o,s,l,a,v
J,a,s,o,n
J,a,s,o,ò
J,e,r,e,m,i,á,
J,e,r,o,n,ý,m
J,i,l,j,í
J,i,m,r,a,m
J,i,n,d,ø,i,c,h
J,i,ø,í
J,o,b
J,o,e,l
J,o,n,á,
J,o,n,a,t,a,n
J,o,n,a,t,h,a,n
J,o,r,d,a,n
J,o,s,e,f
J,o,,t
J,o,z,e,f
J,o,z,u,e
J,u,d,a
J,u,l,i,á,n
J,u,l,i,u,s
J,u,s,t,i,n
J,u,s,t,ý,n
K,a,j,e,t,á,n
K,a,m,i,l
K,a,r,e,l
K,a,s,i,á,n
K,a,s,t,o,r
K,a,,p,a,r
K,a,z,i,m,í,r
K,i,l,i,á,n
K,i,m
K,l,a,u,d,i,á,n
K,l,a,u,d,i,u,s
K,l,e,m,e,n,t
K,l,i,m,e,n,t
K,n,u,t
K,o,l,o,m,a,n
K,o,l,o,m,b,í,n
K,o,l,u,m,b,á,n
K,o,l,u,m,b,í,n
K,o,n,r,á,d
K,o,n,s,t,a,n,t,i,n
K,o,n,s,t,a,n,t,ý,n
K,o,r,n,e,l
K,o,r,n,e,l,i,u,s
K,o,s,m,a
K,o,s,m,a,s
K,r,a,s,o,m,i,l
K,r,a,s,o,s,l,a,v
K,r,i,s,t,i,á,n
K,r,y,,p,í,n
K,r,y,,t,o,f
K,ø,e,s,o,m,y,s,l
K,ø,i,,,a,n
K,u,r,t
K,v,ì,t,o,ò
K,v,ì,t,o,s,l,a,v
K,v,ì,t,o,
K,v,i,d,o
L,a,d,i,s,l,a,v
L,a,m,b,e,r,t
L,a,r,s
L,a,u,r,e,n,c
L,a,z,a,r
L,e,a,n,d,e,r
L,e,a,n,d,r
L,e,o
L,e,o,d,e,g,a,r
L,e,o,n
L,e,o,n,a,r,d
L,e,o,n,i,d
L,e,o,n,t,ý,n
L,e,o,p,o,l,d
L,e,o,
L,e,,e,k
L,e,v
L,i,b,o,r
L,i,b,o,s,l,a,v
L,i,o,n,e,l
L,i,v,i,u,s
L,o,r,e,n,c
L,o,t,a,r
L,o,t,h,a,r
L,u,b,o,m,í,r
L,u,b,o,r
L,u,b,o,s,l,a,v
L,u,b,o,
L,u,c,i,á,n
L,u,c,i,u,s
L,u,d,ì,k
L,u,d,i,v,o,j
L,u,d,o,m,í,r
L,u,d,o,s,l,a,v
L,u,d,v,í,k
L,u,k,á,
L,u,k,r,e,c,i,u,s
L,u,m,í,r
L,u,t,i,b,o,r
L,u,t,o,b,o,r
M,a,g,n,u,s
M,a,k,a,r
M,a,n,f,r,e,d
M,a,n,f,r,é,d
M,a,n,s,v,e,t
M,a,n,u,e,l
M,a,r,c,e,l
M,a,r,e,k
M,a,r,i,a,n
M,a,r,i,á,n
M,a,r,i,n
M,a,r,i,o
M,a,r,i,u,s
M,a,r,t,i,n
M,a,t,ì,j
M,a,t,o,u,
M,a,t,y,á,
M,a,x
M,a,x,i,m
M,a,x,i,m,i,l,i,á,n
M,a,x,m,i,l,i,á,n
M,e,è,i,s,l,a,v
M,e,d,a,r,d
M,e,l,i,c,h,a,r
M,e,r,l,i,n
M,e,r,v,i,n
M,e,t,o,d
M,e,t,o,d,ì,j
M,i,c,h,a,e,l
M,i,c,h,a,l
M,i,k,o,l,á,
M,i,k,u,l,á,
M,i,l,a,n
M,i,l,í,è
M,i,l,í,k
M,i,l,i,v,o,j
M,i,l,o,ò
M,i,l,o,r,a,d
M,i,l,o,s,l,a,v
M,i,l,o,
M,i,l,o,t,a
M,i,l,o,u,
M,i,l,o,v,a,n
M,i,l,o,v,í,n
M,i,l,u,t,í,n
M,i,r,e,k
M,i,r,k,o
M,i,r,o,m,i,l
M,i,r,o,n
M,i,r,o,s,l,a,v
M,i,r,t,i,l
M,l,a,d
M,l,a,d,e,n
M,n,a,t,a
M,n,i,s,l,a,v
M,o,d,e,s,t
M,o,j,m,í,r
M,o,j,,í,
M,o,r,g,a,n
M,o,r,i,c
M,o,r,i,s
M,o,ø,i,c
M,s,t,i,s,l,a,v
M,y,r,o,n
M,y,r,t,i,l
N,a,p,o,l,e,o,n
N,a,r,c,i,s
N,a,t,a,n
N,a,t,a,n,a,e,l
N,a,t,h,a,n
N,a,t,h,a,n,a,e,l
N,ì,h,o,s,l,a,v
N,e,k,l,a,n
N,e,p,o,m,u,k
N,e,z,a,m,y,s,l
N,i,k,i,t,a
N,i,k,o,d,é,m
N,i,k,o,l,a
N,i,k,o,l,a,s
N,o,r,b,e,r,t
N,o,r,m,a,n
O,d,o,l,e,n
O,d,o,n
O,k,t,a,v,i,á,n
O,k,t,a,v,i,u,s
O,l,a,f
O,l,b,r,a,m
O,l,d,ø,i,c,h
O,l,e,g
O,l,i,v,e,r
O,m,a,r
O,n,d,ø,e,j
O,r,e,s,t
O,s,k,a,r
O,s,v,a,l,d
O,t,a
O,t,a,k,a,r
O,t,m,a,r
O,t,o
O,t,o,k,a,r
O,t,o,m,a,r
O,v,i,d,i,u,s
P,a,l,m,i,r,o
P,a,n,k,r,á,c
P,a,n,t,a,l,e,o,n
P,a,r,i,s
P,a,r,s,i,v,a,l
P,a,s,k,a,l
P,a,t,r,i,k
P,a,v,e,l
P,a,v,l,í,n
P,e,l,h,ø,i,m
P,e,r,i,k,l,e,s
P,e,t,r
P,e,t,r,o,n,i,u,s
P,i,u,s
P,l,a,t,o,n
P,l,a,t,ó,n
P,o,l,y,k,a,r,p
P,r,a,v,d,o,m,i,l
P,r,a,v,o,m,i,l
P,r,o,k,o,p
P,r,o,s,p,e,r
P,ø,e,m,y,s,l
P,ø,i,b,y,s,l,a,v
R,a,d,a,n
R,a,d,e,g,a,s,t
R,a,d,e,k
R,a,d,h,o,s,t
R,a,d,i,m
R,a,d,i,m,í,r
R,a,d,i,s,l,a,v
R,a,d,i,v,o,j
R,a,d,k,o
R,a,d,m,i,l
R,a,d,o,m,i,l
R,a,d,o,m,í,r
R,a,d,o,s,l,a,v
R,a,d,o,
R,a,d,o,v,a,n
R,a,d,ú,z
R,a,d,v,a,n
R,a,f,a,e,l
R,a,i,m,u,n,d
R,a,i,n,a,l,d
R,a,i,n,e,r
R,a,i,n,h,a,r,d
R,a,i,n,o,l,d
R,a,j,k,o
R,a,l,f
R,a,m,o,n
R,a,n,d,o,l,f
R,a,n,e,k
R,a,n,k,o
R,a,s,t,i,s,l,a,v
R,a,t,i,b,o,r
R,a,t,m,í,r
R,e,d,m,o,n,d
R,e,g,i,n,a,l,d
R,e,m,i,g
R,e,m,u,s
R,e,n,á,t
R,e,n,é
R,i,c,h,a,r,d
R,o,b,e,r,t
R,o,b,i,n
R,o,b,i,n,s,o,n
R,o,d,a,n
R,o,d,e,r,i,k
R,o,d,r,i,g,o
R,o,g,e,r
R,o,c,h
R,o,l,a,n,d
R,o,l,f
R,o,m,a,n
R,o,m,e,o
R,o,m,u,a,l,d
R,o,m,u,l
R,o,m,u,l,u,s
R,o,n,a,l,d
R,o,s,t,i,s,l,a,v
R,u,b,e,n
R,u,d,o,l,f
R,u,f,u,s
R,u,p,e,r,t
R,u,p,r,e,c,h,t
R,u,s,l,a,n
Ø,e,h,o,ø
S,á,b,a
S,á,m,o
S,a,m,s,o,n
S,a,m,u,e,l
S,a,t,u,r,n,i,n
S,a,u,l
S,á,v,a
S,e,b,a,s,t,i,a,n
S,e,b,a,s,t,i,á,n
S,e,b,e,s,t,i,a,n
S,e,d,r,i,k
S,e,r,a,f,í,n
S,e,r,e,n,u,s
S,e,r,g,e,j
S,e,r,v,á,c
S,e,v,e,r,í,n
S,i,d,o,n
S,i,g,f,r,í,d
S,i,l,v,a,n
S,i,l,v,á,n
S,i,l,v,e,s,t,r
S,i,l,v,i,u,s
S,i,m,e,o,n
S,i,m,o,n
S,i,n,k,l,e,r
S,i,x,t
S,i,x,t,u,s
S,l,á,v,e,k
S,l,a,v,i,b,o,j
S,l,a,v,i,b,o,r
S,l,a,v,o,b,o,j
S,l,a,v,o,j
S,l,a,v,o,m,i,l
S,l,a,v,o,m,í,r
S,m,i,l
S,o,b,ì,s,l,a,v
S,o,k,r,a,t
S,o,t,e,r
S,p,y,t,i,h,n,ì,v
S,t,a,n,i,m,í,r
S,t,a,n,i,s,l,a,v
S,t,o,j,a,n
S,t,o,j,m,í,r
S,v,a,t,o,b,o,j
S,v,a,t,o,b,o,r
S,v,a,t,o,m,í,r
S,v,a,t,o,p,l,u,k
S,v,a,t,o,s,l,a,v
S,v,e,n
S,v,e,t,o,z,a,r
,a,l,a,m,o,u,n
,a,l,o,m,o,u,n
,a,v,e,l
,e,b,a,s,t,i,á,n
,i,m,o,n
,,a,s,t,a
,t,e,f,a,n
,t,ì,p,á,n
T,a,d,e,á,
T,a,n,k,r,e,d
T,a,r,a,s
T,e,o,b,a,l,d
T,e,o,d,o,r
T,e,o,d,o,r,i,k
T,e,o,d,o,z
T,e,o,f,a,n
T,e,o,f,i,l
T,e,r,e,n,c
T,e,r,e,n,c,i,u,s
T,h,e,o,b,a,l,d
T,h,e,o,d,o,r
T,h,e,o,d,o,r,i,k
T,h,e,o,f,a,n
T,h,e,o,f,i,l
T,i,b,e,r
T,i,b,e,r,i,u,s
T,i,b,o,r
T,i,b,u,r,c,i,u,s
T,i,c,h,o,m,i,l
T,i,c,h,o,m,í,r
T,i,c,h,o,n
T,i,m,o,n
T,i,m,o,t,e,j
T,i,m,o,t,e,u,s
T,i,m,u,r
T,i,t,u,s
T,o,b,i,á,
T,o,m,á,
T,o,m,i,s,l,a,v
T,o,r
T,o,r,k,v,á,t
T,o,r,s,t,e,n
T,r,i,s,t,a,n
U,d,o
U,l,r,i,c,h
U,p,t,o,n
U,r,b,a,n
U,v,e
V,á,c,l,a,v
V,a,d,i,m
V,a,l,d,e,m,a,r
V,a,l,e,n,t,i,n
V,a,l,e,n,t,ý,n
V,a,l,e,r,i,á,n
V,a,l,t,e,r
V,a,l,t,r
V,a,s,i,l
V,a,v,ø,i,n,e,c
V,e,l,e,s,l,a,v
V,e,l,i,m,í,r
V,e,l,i,s,l,a,v
V,ì,n,c,e,s,l,a,v
V,e,n,d,e,l,í,n
V,ì,n,e,k
V,e,r,n,e,r
V,ì,r,o,s,l,a,v
V,i,d,o,r
V,i,k,t,o,r
V,i,k,t,o,r,i,n
V,i,k,t,o,r,í,n
V,i,l,é,m
V,i,l,i,b,a,l,d
V,i,l,m,a,r
V,i,n,c,e,n,c
V,i,r,g,i,l
V,i,r,g,i,n
V,í,t
V,í,t,ì,z,s,l,a,v
V,i,t,o,l,d
V,í,t,o,s,l,a,v
V,i,v,i,a,n
V,l,a,d,a,n
V,l,a,d,i,m,í,r
V,l,a,d,i,s,l,a,v
V,l,a,d,i,v,o,j
V,l,a,s,t,i,m,i,l
V,l,a,s,t,i,m,í,r
V,l,a,s,t,i,s,l,a,v
V,l,k
V,o,j,e,n
V,o,j,m,i,l
V,o,j,m,í,r
V,o,j,s,l,a,v
V,o,j,t,ì,c,h
V,o,k
V,o,l,f,g,a,n,g
V,r,a,t,i,s,l,a,v
V,s,e,v,o,l,o,d
V,,e,b,o,j
V,,e,b,o,r
V,,e,r,a,d
V,,e,s,l,a,v
X,a,v,e,r
X,a,v,e,r,i,u,s
Z,á,b,o,j
Z,a,c,h,a,r
Z,a,c,h,a,r,i,á,
Z,á,v,i,
Z,b,i,s,l,a,v
Z,b,y,h,n,ì,v
Z,b,y,n,ì,k
Z,b,y,s,l,a,v
Z,b,y,,e,k
Z,d,e,n,ì,k
Z,d,e,r,a,d
Z,d,e,s,l,a,v
Z,d,í,k
Z,d,i,r,a,d
Z,d,i,s,l,a,v
Z,e,n,o
Z,e,n,o,n
Z,i,k,m,u,n,d
Z,l,a,t,a,n
Z,l,a,t,k,o
Z,l,a,t,o,m,í,r
Z,o,l,t,á,n
Z,o,r,a,n
Z,o,r,o,s,l,a,v
Z,o,s,i,m
Z,v,o,n,i,m,í,r
,a,r,k,o
,d,a,n
,e,l,i,b,o,r
,e,l,i,m,í,r
,e,l,i,s,l,a,v
,e,l,m,í,r
,i,t,o,m,í,r
,i,t,o,s,l,a,v
,i,v,a,n
