A,b,i,g,a,i,l
A,d,a
A,d,a,l,b,e,r,t,a
A,d,é,l,a
A,d,e,l,a,i,d,a
A,d,i,n,a
A,d,o,l,f,a
A,d,o,l,f,í,n,a
A,d,r,i,a,n,a
A,d,r,i,á,n,a
A,d,r,i,e,n,a
A,f,r,a
A,g,á,t,a
A,g,l,a,j,a
A,i,d,a
A,l,a,n,a
A,l,b,e,n,a
A,l,b,e,r,t,a
A,l,b,e,r,t,i,n,a
A,l,b,e,r,t,ý,n,a
A,l,b,í,n,a
A,l,e,n,a
A,l,e,,k,a
A,l,e,x,a,n,d,r,a
A,l,f,r,é,d,a
A,l,i,c,e
A,l,i,d,a
A,l,i,n,a
A,l,m,a
A,l,o,i,s,i,e
A,l,o,j,z,i,j,e
A,l,,b,ì,t,a
A,m,á,l,i,e
A,m,a,n,d,a
A,m,á,t,a
A,m,é,l,i,e
A,n,a,b,e,l,a
A,n,a,s,t,á,z,i,e
A,n,a,t,á,z,i,e
A,n,a,t,o,l,i,e
A,n,a,t,ó,l,i,e
A,n,d,ì,l,a
A,n,d,ì,l,í,n,a
A,n,d,r,e,a
A,n,e,t,a
A,n,e,,k,a
A,n,g,e,l,a
A,n,g,e,l,i,k,a
A,n,i,t,a
A,n,n,a
A,n,s,e,l,m,a
A,n,t,o,n,i,e
A,p,o,l,e,n,a
A,r,a,b,e,l,a
A,r,a,n,k,a
A,r,e,t,a
A,r,i,a,d,n,a
A,r,i,a,n,a
A,r,i,e,l,a
A,r,l,e,t,a
A,r,m,i,d,a
A,r,n,a
A,r,n,o,l,d,a
A,r,n,o,,t,k,a
A,s,t,r,i,d
A,s,t,r,i,d,a
A,t,a,n,á,z,i,e
A,u,g,u,s,t,a
A,u,g,u,s,t,i,n,a
A,u,g,u,s,t,ý,n,a
A,u,r,a
A,u,r,é,l,i,e
A,u,r,o,r,a
B,a,b,e,t,a
B,a,r,b,a,r,a
B,a,r,b,o,r,a
B,e,á,t,a
B,e,a,t,r,i,c,e
B,e,d,ø,i,,k,a
B,e,l,a
B,ì,l,a
B,e,l,i,n,d,a
B,e,n,e,d,i,k,t,a
B,e,r,e,n,i,k,a
B,e,r,i,t
B,e,r,n,a,r,d,a
B,e,r,t,a
B,e,r,t,o,l,d,a
B,i,a,n,k,a
B,i,b,i,a,n,a
B,i,r,g,i,t
B,i,r,g,i,t,a
B,l,a,h,o,m,i,l,a
B,l,a,h,o,m,í,r,a
B,l,a,h,o,s,l,a,v,a
B,l,a,n,k,a
B,l,a,,e,n,a
B,o,h,d,a,n,a
B,o,h,u,m,i,l,a
B,o,h,u,m,í,r,a
B,o,h,u,n,a
B,o,h,u,s,l,a,v,a
B,o,h,u,,e
B,o,j,a,n,a
B,o,j,i,s,l,a,v,a
B,o,l,e,s,l,a,v,a
B,o,r,i,s,l,a,v,a
B,o,ø,i,s,l,a,v,a
B,o,,e,n,a
B,o,,e,t,ì,c,h,a
B,o,,i,d,a,r,a
B,r,a,n,i,m,í,r,a
B,r,a,n,i,s,l,a,v,a
B,r,a,t,i,s,l,a,v,a
B,r,e,n,d,a
B,r,i,g,i,t,a
B,r,i,t,a
B,r,o,n,i,s,l,a,v,a
B,r,u,n,a
B,r,u,n,h,i,l,d,a
B,ø,e,t,i,s,l,a,v,a
C,e,c,i,l,i,e
C,e,c,í,l,i,e
C,e,l,e,s,t,i,n,a
C,e,l,e,s,t,ý,n,a
C,e,l,i,e
C,e,l,i,n,a
C,t,i,b,o,r,a
C,t,i,r,a,d,a
C,t,i,s,l,a,v,a
C,y,n,t,i,e
C,y,r,i,l,a
È,e,ò,k,a
È,e,s,t,m,í,r,a
È,i,s,t,o,s,l,a,v,a
D,a,g,m,a,r
D,a,g,m,a,r,a
D,a,l,i,b,o,r,a
D,a,l,i,d,a
D,a,l,i,e
D,a,l,i,l,a
D,a,l,i,m,i,l,a
D,a,l,i,m,í,r,a
D,a,m,a,r,i,s
D,a,m,i,a,n,a
D,a,m,i,á,n,a
D,a,n,a
D,a,n,i,c,a
D,a,n,i,e,l,a
D,a,n,u,,e
D,a,n,u,t,a
D,a,r,i,a
D,a,r,i,e
D,a,r,i,n,a
D,a,r,j,a
D,a,v,i,d,a
D,e,b,o,r,a
D,e,l,i,e
D,e,n,i,s,a
D,i,a,n,a
D,i,n,a
D,i,t,a
D,i,v,i,,k,a
D,o,b,r,a,v,a
D,o,b,r,o,m,i,l,a
D,o,b,r,o,m,í,r,a
D,o,b,r,o,s,l,a,v,a
D,o,m,i,n,i,k,a
D,o,n,a,l,d,a
D,o,n,á,t,a
D,o,r,a
D,o,r,i,s
D,o,r,o,t,a
D,o,u,b,r,a,v,a
D,o,u,b,r,a,v,k,a
D,r,a,h,o,m,i,l,a
D,r,a,h,o,m,í,r,a
D,r,a,h,o,s,l,a,v,a
D,r,a,h,o,t,í,n,a
D,r,a,h,u,,e
D,u,l,c,i,n,e,a
D,u,,a,n,a
E,d,i,t,a
E,d,u,a,r,d,a
E,d,v,a,r,d,a
E,g,o,n,a
E,l,a
E,l,e,k,t,r,a
E,l,e,n,a
E,l,e,o,n,o,r,a
E,l,f,r,í,d,a
E,l,i,,k,a
E,l,s,a
E,l,v,í,r,a
E,l,z,a
E,m,a
E,m,a,n,u,e,l,a
E,m,i,l,i,e
E,m,í,l,i,e
E,r,i,k,a
E,r,n,a
E,r,v,í,n,a
E,s,t,e,l,a
E,s,t,e,r
E,s,t,e,r,a
E,t,e,l,a
E,u,f,r,o,z,i,n,a
E,u,f,r,o,z,í,n,a
E,u,g,e,n,i,e
E,u,l,á,l,i,e
E,u,n,i,k,a
E,u,s,e,b,i,e
E,v,a
E,v,e,l,i,n,a
E,v,e,l,í,n,a
E,v,,e,n,i,e
F,a,b,i,á,n,a
F,a,b,i,e
F,a,t,i,m,a
F,a,u,s,t,i,n,a
F,a,u,s,t,ý,n,a
F,é,b,a
F,e,d,o,r,a
F,e,l,i,c,i,e
F,e,l,í,c,i,e
F,e,l,i,c,i,t,a
F,e,r,d,i,n,a,n,d,a
F,i,d,e,l,i,e
F,i,l,i,p,a
F,i,l,o,m,é,n,a
F,l,a,v,i,e
F,l,o,r,a
F,l,ó,r,a
F,l,o,r,e,n,t,i,n,a
F,l,o,r,e,n,t,ý,n,a
F,r,a,n,t,i,,k,a
F,r,í,d,a
G,a,b,r,i,e,l,a
G,a,j,a
G,a,j,a,n,a
G,a,l,i,n,a
G,a,r,i,k,a
G,e,m,a
G,e,r,a,l,d,a
G,e,r,a,l,d,i,n,a
G,e,r,a,r,d,a
G,e,r,a,r,d,i,n,a
G,e,r,d,a
G,e,r,h,a,r,d,a
G,e,r,t,r,u,d,a
G,i,l,b,e,r,t,a
G,i,n,a
G,i,s,e,l,a
G,i,t,a
G,i,z,e,l,a
G,l,o,r,i,e
G,o,r,d,a,n,a
G,r,a,c,i,á,n,a
G,r,a,c,i,e
G,r,á,c,i,e
G,r,a,,i,n,a
G,r,é,t,a
G,r,i,s,e,l,d,a
G,r,i,z,e,l,d,a
G,u,d,r,u,n
G,u,s,t,a,v,a
G,v,e,n,d,o,l,i,n,a
G,v,e,n,d,o,l,í,n,a
H,a,l,i,n,a
H,a,n,a
H,á,t,a
H,a,v,l,a
H,e,d,a
H,e,d,v,i,k,a
H,e,i,d,r,u,n
H,e,l,e,n,a
H,e,l,g,a
H,e,r,b,e,r,t,a
H,e,r,m,í,n,a
H,e,r,t,a
H,i,l,d,a
H,o,r,t,e,n,s,i,e
H,o,r,t,e,n,z,i,e
H,o,r,y,m,í,r,a
H,o,s,t,i,m,i,l,a
H,o,s,t,i,m,í,r,a
H,o,s,t,i,s,l,a,v,a
H,v,ì,z,d,o,s,l,a,v,a
H,y,a,c,i,n,t,a
C,h,r,a,n,i,s,l,a,v,a
I,b,o,j,a
I,d,a
I,g,n,á,c,i,e
I,g,n,á,t,a
I,l,d,i,k,a
I,l,j,a,n,a
I,l,o,n,a
I,l,s,a
I,l,z,a
I,n,e,s
I,n,e,s,a
I,n,é,z
I,n,g,e,b,o,r,g
I,n,g,e,b,o,r,g,a
I,n,g,r,i,d
I,n,g,r,i,d,a
I,n,k,a
I,r,e,n,a
I,r,i,s
I,r,m,a
I,s,a,b,e,l,a
I,s,i,d,o,r,a
I,s,o,l,d,a
I,v,a
I,v,a,n,a
I,v,e,t,a
I,v,o,n,a
I,z,a,b,e,l,a
I,z,i,d,o,r,a
I,z,o,l,d,a
J,a,d,r,a,n,a
J,a,d,r,a,n,k,a
J,a,k,u,b,a
J,a,k,u,b,k,a
J,a,n,a
J,a,r,m,i,l,a
J,a,r,o,l,í,m,a
J,a,r,o,m,í,r,a
J,a,r,o,s,l,a,v,a
J,a,s,m,í,n,a
J,a,s,n,a
J,a,s,n,ì,n,a
J,e,l,e,n,a
J,e,n,o,v,é,f,a
J,e,s,i,k,a
J,i,n,d,r,a
J,i,n,d,ø,i,,k,a
J,i,ø,i,n,a
J,i,t,k,a
J,o,h,a,n,a
J,o,l,a,n,a
J,o,l,a,n,t,a
J,o,r,d,a,n,a
J,o,r,g,a
J,o,s,e,f,a
J,o,s,e,f,í,n,a
J,o,v,a,n,a
J,o,z,e,f,a
J,o,z,e,f,í,n,a
J,u,d,i,t,a
J,u,l,i,a,n,a
J,u,l,i,á,n,a
J,u,l,i,e
J,u,s,t,i,n,a
J,u,s,t,ý,n,a
J,u,t,a
K,a,m,i,l,a
K,a,r,i,n
K,a,r,i,n,a
K,a,r,l,a
K,a,r,m,e,l,a
K,a,r,m,e,n
K,a,r,o,l,i,n,a
K,a,r,o,l,í,n,a
K,a,t,e,ø,i,n,a
K,a,t,r,i,n
K,a,t,r,i,n,a
K,a,z,i
K,a,z,i,m,í,r,a
K,i,r,a
K,l,á,r,a
K,l,a,u,d,i,e
K,l,e,m,e,n,t,i,n,a
K,l,e,m,e,n,t,ý,n,a
K,l,e,o,p,a,t,r,a
K,l,o,t,y,l,d,a
K,o,l,e,t,a
K,o,l,o,m,b,í,n,a
K,o,l,u,m,b,í,n,a
K,o,n,s,t,a,n,c,e
K,o,n,s,t,a,n,c,i,e
K,o,n,s,u,e,l,a
K,o,n,z,u,e,l,a
K,o,r,a
K,o,r,d,u,l,a
K,o,r,i,n,a
K,o,r,n,é,l,i,e
K,r,a,s,a,v,a
K,r,a,s,o,m,i,l,a
K,r,i,s,t,i,n,a
K,r,i,s,t,ý,n,a
K,u,n,h,u,t,a
K,v,ì,t,a
K,v,ì,t,o,s,l,a,v,a
K,v,ì,t,u,,e
L,a,d,a
L,a,d,i,s,l,a,v,a
L,a,r,i,s,a
L,a,u,r,a
L,a,u,r,e,n,c,i,e
L,e,a
L,é,d,a
L,e,i,l,a
L,e,j,l,a
L,e,n,a
L,e,n,k,a
L,e,o,k,á,d,i,e
L,e,o,n,a
L,e,o,n,o,r,a
L,e,o,n,t,i,n,a
L,e,o,n,t,ý,n,a
L,e,o,p,o,l,d,a
L,e,o,p,o,l,d,i,n,a
L,e,o,p,o,l,d,ý,n,a
L,e,t,i,c,i,e
L,i,a
L,i,a,n,a
L,i,b,ì,n,a
L,i,b,o,r,a
L,i,b,o,s,l,a,v,a
L,i,b,u,,e
L,i,d,m,i,l,a
L,i,l,i,a,n,a
L,i,n,a
L,i,n,d,a
L,i,v,i,e
L,j,u,b,a
L,o,l,a
L,o,r,e,t,a
L,o,r,n,a
L,o,t,a
L,u,b,o,m,í,r,a
L,u,b,o,s,l,a,v,a
L,u,c,i,á,n,a
L,u,c,i,e
L,u,d,i,,e
L,u,ï,k,a
L,u,d,m,i,l,a
L,u,d,o,m,í,r,a
L,u,d,o,s,l,a,v,a
L,u,d,v,i,k,a
L,u,d,v,í,k,a
L,u,i,s,a
L,u,j,z,a
L,u,k,r,é,c,i,e
L,u,m,í,r,a
L,y,d,i,e
L,ý,d,i,e
M,a,b,e,l
M,a,b,e,l,a
M,a,g,d,a
M,a,g,d,a,l,e,n,a
M,a,g,d,a,l,é,n,a
M,a,h,u,l,e,n,a
M,a,j,a
M,á,j,a
M,a,l,v,í,n,a
M,a,n,o,n
M,a,n,o,n,a
M,a,n,u,e,l,a
M,a,r,c,e,l,a
M,a,r,c,e,l,í,n,a
M,a,r,g,i,t
M,a,r,g,i,t,a
M,a,r,i,a,n,a
M,a,r,i,e
M,a,r,i,e,t,a
M,a,r,i,k,a
M,a,r,i,l,y,n
M,a,r,i,n,a
M,a,r,i,o,l,a
M,a,r,i,o,n
M,a,r,i,s,a
M,a,r,i,t,a
M,a,r,k,é,t,a
M,a,r,l,e,n,a
M,a,r,t,a
M,a,r,t,i,n,a
M,a,t,y,l,d,a
M,a,u,d
M,a,x,i,m,a
M,e,è,i,s,l,a,v,a
M,e,d,e,a
M,é,d,e,a
M,e,l,á,n,i,e
M,e,l,i,n,d,a
M,e,l,i,s,a
M,e,l,i,t,a
M,e,r,c,e,d,e,s
M,i,c,h,a,e,l,a
M,i,c,h,a,l,a
M,i,l,a,d,a
M,i,l,a,n,a
M,i,l,e,n,a
M,i,l,o,s,l,a,v,a
M,i,l,r,e,d
M,i,l,u,,e
M,í,n,a
M,i,r,a
M,i,r,a,b,e,l,a
M,i,r,a,n,d,a
M,i,r,e,l,a
M,i,r,i,a,m
M,i,r,j,a,m
M,i,r,k,a
M,i,r,o,m,i,l,a
M,i,r,o,s,l,a,v,a
M,n,i,s,l,a,v,a
M,o,n,a
M,o,n,i,k,a
M,u,r,i,e,l
M,u,r,i,e,l,a
M,y,r,n,a
N,a,ï,a
N,a,d,ì,,d,a
N,a,n,e,t,a
N,a,r,c,i,s,a
N,a,t,a,l,i,e
N,a,t,á,l,i,e
N,a,t,a,,a
N,e,d,a
N,e,l,a
N,e,v,e,n,a
N,i,k,a
N,i,k,é
N,i,k,o,d,é,m,a
N,i,k,o,l
N,i,k,o,l,a
N,i,l,a
N,i,n,a
N,o,e,m,a
N,o,e,m,i
N,o,n,a
N,o,r,a
N,o,r,b,e,r,t,a
N,o,r,m,a
O,d,e,t,a
O,f,é,l,i,e
O,k,t,a,v,i,e
O,k,t,á,v,i,e
O,l,d,ø,i,,k,a
O,l,g,a
O,l,i,v,a
O,l,i,v,i,e
O,l,y,m,p,i,e
O,n,d,ø,e,j,k,a
O,t,a,k,a,r,a
O,t,i,l,i,e
O,t,ý,l,i,e
O,x,a,n,a
P,a,l,m,i,r,a
P,a,m,e,l,a
P,a,s,k,a,l,a
P,a,t,r,i,c,i,e
P,a,v,l,a
P,a,v,l,í,n,a
P,e,l,a,g,i,e
P,e,n,e,l,o,p,a
P,e,r,l,a
P,e,r,s,i,d,a
P,e,r,z,i,d,a
P,e,t,r,a
P,e,t,r,a,n,a
P,e,t,r,o,n,e,l,a
P,e,t,r,o,n,i,l,a
P,e,t,r,u,,e
P,e,t,u,l,a
P,i,l,a,r
P,o,l,y,x,e,n,a
P,r,a,v,d,o,m,i,l,a
P,r,a,v,o,m,i,l,a
P,r,a,v,o,s,l,a,v
P,r,a,v,o,s,l,a,v,a
P,r,i,s,c,i,l,a
P,r,i,s,k,a
P,r,o,k,o,p,a
P,ø,i,b,y,s,l,a,v,a
R,a,d,a,n,a
R,a,d,i,m,í,r,a
R,a,d,i,s,l,a,v,a
R,a,d,k,a
R,a,d,m,i,l,a
R,a,d,o,m,i,l,a
R,a,d,o,m,í,r,a
R,a,d,o,s,l,a,v,a
R,a,d,o,v,a,n,a
R,a,d,s,l,a,v,a
R,a,f,a,e,l,a
R,á,c,h,e,l
R,a,i,s,a
R,a,j,s,a
R,a,m,o,n,a
R,a,s,t,i,s,l,a,v,a
R,e,b,e,k,a
R,e,g,i,n,a
R,e,g,í,n,a
R,e,n,a,t,a
R,e,n,á,t,a
R,e,n,é
R,i,a
R,i,a,n,a
R,i,c,h,a,r,d,a
R,i,n,a
R,i,t,a
R,o,b,e,r,t,a
R,o,b,i,n,a
R,o,m,a,n,a
R,o,s,a
R,o,s,a,l,i,n,d,a
R,o,s,a,m,u,n,d,a
R,o,s,a,n,a
R,o,s,t,i,s,l,a,v,a
R,o,v,e,n,a
R,o,x,a,n,a
R,ó,z,a
R,o,z,á,l,i,e
R,o,z,a,l,i,n,d,a
R,o,z,a,m,u,n,d,a
R,o,z,a,n,a
R,o,z,i,n,a
R,o,z,i,t,a
R,o,z,v,i,t,a
R,u,d,o,l,f,a
R,u,d,o,l,f,i,n,a
R,u,d,o,l,f,í,n,a
R,u,t
R,ú,t
R,ù,,e,n,a
Ø,e,h,o,ø,k,a
S,a,b,i,n,a
S,a,b,r,i,n,a
S,a,l,o,m,e,a
S,a,l,o,m,e,n,a
S,a,m,u,e,l,a
S,a,n,d,r,a
S,á,r,a
S,a,s,k,i,a
S,a,s,k,i,e
S,a,x,o,n,a
S,e,l,e,n,a
S,e,l,m,a
S,e,n,t,a
S,e,r,a,f,í,n,a
S,e,r,e,n,a
S,c,h,o,l,a,s,t,i,k,a
S,i,b,y,l,a
S,i,d,o,n,i,e
S,i,l,v,á,n,a
S,i,l,v,i,e
S,i,m,e,o,n,a
S,i,m,o,n,a
S,k,a,r,l,e,t
S,k,a,r,l,e,t,a
S,l,a,v,ì,n,a
S,l,á,v,k,a
S,l,a,v,o,m,i,l,a
S,l,a,v,o,m,í,r,a
S,o,b,ì,s,l,a,v,a
S,o,f,i,e
S,o,f,r,o,n,i,e
S,o,l,v,e,i,g
S,o,l,v,e,i,g,a
S,o,ò,a
S,o,t,i,r,a
S,t,a,n,i,s,l,a,v,a
S,t,á,z,a
S,t,e,l,a
S,v,a,t,a,v,a
S,v,a,t,o,s,l,a,v,a
S,v,ì,t,l,a
S,v,ì,t,l,a,n,a
S,v,ì,t,l,u,,e
S,y,l,v,a
S,y,l,v,i,e
S,y,l,v,i,e
,á,r,k,a
,a,r,l,o,t,a
,i,m,o,n,a
,t,ì,p,á,n,a
,t,ì,p,á,n,k,a
T,a,m,a,r,a
T,á,ò,a
T,a,,á,n,a
T,e,a
T,e,k,l,a
T,e,o,d,o,r,a
T,e,o,d,o,z,i,e
T,e,o,f,i,l,a
T,e,r,e,z,a
T,e,r,e,z,i,e
T,h,e,a
T,h,e,o,d,o,r,a
T,h,e,o,d,o,s,i,e
T,h,e,o,f,i,l,a
T,o,m,á,,k,a
T,o,s,k,a
U,l,r,i,k,a
U,n,a
U,r,,u,l,a
V,á,c,l,a,v,a
V,a,l,b,u,r,g,a
V,a,l,d,e,m,a,r,a
V,a,l,e,n,t,i,n,a
V,a,l,e,n,t,ý,n,a
V,a,l,e,r,i,e
V,a,l,é,r,i,e
V,a,n,d,a
V,a,n,e,s,a
V,ì,d,u,n,a
V,e,l,e,s,l,a,v,a
V,e,l,i,s,l,a,v,a
V,ì,n,c,e,s,l,a,v,a
V,e,n,d,e,l,í,n,a
V,e,n,d,u,l,a
V,e,n,d,u,l,k,a
V,ì,n,k,a
V,e,n,u,,e
V,ì,r,a
V,e,r,o,n,a
V,e,r,o,n,i,k,a
V,ì,r,o,s,l,a,v,a
V,ì,s,l,a,v,a
V,e,s,n,a
V,i,k,t,o,r,i,e
V,i,l,é,m,a
V,i,l,e,m,í,n,a
V,i,l,m,a
V,i,n,c,e,n,c,i,e
V,i,o,l,a
V,i,o,l,e,t,a
V,i,r,g,i,n,i,e
V,i,r,g,í,n,i,e
V,í,t,a
V,í,t,ì,z,s,l,a,v,a
V,i,v,i,a,n,a
V,l,a,d,a,n,a
V,l,a,d,ì,n,a
V,l,a,d,i,m,í,r,a
V,l,a,d,i,s,l,a,v,a
V,l,a,s,t,a
V,l,a,s,t,i,m,i,l,a
V,l,a,s,t,i,m,í,r,a
V,l,a,s,t,i,s,l,a,v,a
V,o,j,m,í,r,a
V,o,j,s,l,a,v,a
V,o,j,t,ì,,k,a
V,o,r,,i,l,a
V,r,a,t,i,s,l,a,v,a
X,a,v,e,r,i,e
X,e,n,i,e
Z,a,i,d,a
Z,a,i,r,a
Z,b,y,h,n,ì,v,a
Z,b,y,ò,k,a
Z,b,y,s,l,a,v,a
Z,b,y,,k,a
Z,d,e,n,a
Z,d,e,n,k,a
Z,d,e,ò,k,a
Z,d,e,s,l,a,v,a
Z,d,i,s,l,a,v,a
Z,e,n,o,b,i,e
Z,i,n,a
Z,i,n,a,i,d,a
Z,i,t,a
Z,l,a,t,a
Z,l,a,t,o,m,í,r,a
Z,l,a,t,u,,e
Z,o,e
Z,o,j,a
Z,o,r,a
Z,o,r,o,s,l,a,v,a
Z,u,z,a,n,a
Z,v,o,n,i,m,í,r,a
,a,k,e,l,i,n,a
,a,k,e,l,í,n,a
,a,n,e,t,a
,d,a,n,a
,e,l,i,m,í,r,a
,e,l,i,s,l,a,v,a
,e,l,m,í,r,a
,i,t,o,m,í,r,a
,i,t,o,s,l,a,v,a
,i,v,a
,i,v,a,n,a
,o,f,i,e
